layer,group,shape,full_rank,stable_rank,frob_norm,spectral_norm,dim_30,dim_30_frac,dim_50,dim_50_frac,dim_70,dim_70_frac,dim_90,dim_90_frac,dim_95,dim_95_frac,top4_energy,top8_energy,top16_energy,top32_energy,top64_energy
base_model.model.backbone.stages.0.blocks.0.attn.w_msa.qkv.base_layer,qkv,1056x352,352,8.042363513905894,28.94671787242791,10.207220077514648,5,0.014204545454545454,11,0.03125,20,0.056818181818181816,41,0.11647727272727272,60,0.17045454545454544,0.28767114877700806,0.420788437128067,0.6195650696754456,0.8643532991409302,0.9575769305229187
base_model.model.backbone.stages.0.blocks.0.attn.w_msa.proj,proj,352x352,352,21.55598917885506,13.52673461846859,2.913459539413452,12,0.03409090909090909,25,0.07102272727272728,44,0.125,77,0.21875,97,0.2755681818181818,0.1434558928012848,0.23792843520641327,0.3806776702404022,0.5900173187255859,0.8440518379211426
base_model.model.backbone.stages.0.blocks.0.ffn.layers.0.0.base_layer,ffn,1408x352,352,19.047745933971708,31.022394766535694,7.108099937438965,14,0.03977272727272727,28,0.07954545454545454,47,0.13352272727272727,83,0.23579545454545456,117,0.33238636363636365,0.12940718233585358,0.20753680169582367,0.3414793908596039,0.5544184446334839,0.8216225504875183
base_model.model.backbone.stages.0.blocks.0.ffn.layers.1,ffn,352x1408,352,34.04341994281552,26.537426125221007,4.548227787017822,19,0.05397727272727273,40,0.11363636363636363,72,0.20454545454545456,147,0.41761363636363635,194,0.5511363636363636,0.09077142924070358,0.1571369618177414,0.26929807662963867,0.43546608090400696,0.6624943017959595
base_model.model.backbone.stages.0.blocks.1.attn.w_msa.qkv.base_layer,qkv,1056x352,352,22.743324569089673,25.752998251568933,5.400087833404541,15,0.04261363636363636,33,0.09375,62,0.17613636363636365,122,0.3465909090909091,161,0.45738636363636365,0.12159035354852676,0.20108111202716827,0.3251637816429138,0.49298545718193054,0.7116754651069641
base_model.model.backbone.stages.0.blocks.1.attn.w_msa.proj,proj,352x352,352,26.552900011197302,13.937771508005683,2.7048137187957764,18,0.05113636363636364,39,0.11079545454545454,68,0.19318181818181818,116,0.32954545454545453,140,0.3977272727272727,0.10711513459682465,0.17291824519634247,0.2778719663619995,0.4452619254589081,0.6818932890892029
base_model.model.backbone.stages.0.blocks.1.ffn.layers.0.0.base_layer,ffn,1408x352,352,16.662049644718525,26.716159413885165,6.545002460479736,19,0.05397727272727273,43,0.12215909090909091,81,0.23011363636363635,164,0.4659090909090909,208,0.5909090909090909,0.11987434327602386,0.1787898689508438,0.2775373160839081,0.4241237938404083,0.6280402541160583
base_model.model.backbone.stages.0.blocks.1.ffn.layers.1,ffn,352x1408,352,20.61045864472258,27.683508591744992,6.09785795211792,16,0.045454545454545456,37,0.10511363636363637,69,0.19602272727272727,136,0.38636363636363635,176,0.5,0.12046444416046143,0.19006818532943726,0.30034971237182617,0.4608878195285797,0.6763388514518738
base_model.model.backbone.stages.1.downsample.reduction,other,704x1408,704,40.632302130761516,39.5585472699564,6.205897808074951,53,0.07528409090909091,106,0.15056818181818182,177,0.25142045454545453,292,0.4147727272727273,349,0.49573863636363635,0.050425153225660324,0.07673194259405136,0.12364029884338379,0.2063843458890915,0.34634533524513245
base_model.model.backbone.stages.1.blocks.0.attn.w_msa.cpb_mlp.2,other,16x512,16,2.7878550406752134,15.77474194782621,9.447723388671875,1,0.0625,2,0.125,3,0.1875,5,0.3125,6,0.375,0.8366553783416748,0.984971821308136,1.0,nan,nan
base_model.model.backbone.stages.1.blocks.0.attn.w_msa.qkv.base_layer,qkv,2112x704,704,29.062029457554733,52.28074566403486,9.697924613952637,21,0.029829545454545456,49,0.06960227272727272,97,0.1377840909090909,200,0.2840909090909091,261,0.37073863636363635,0.09801831841468811,0.1579950451850891,0.2542189657688141,0.3918890953063965,0.577278733253479
base_model.model.backbone.stages.1.blocks.0.attn.w_msa.proj,proj,704x704,704,14.725012079163555,27.621948626019083,7.198242664337158,31,0.04403409090909091,71,0.10085227272727272,128,0.18181818181818182,228,0.32386363636363635,286,0.40625,0.10431420803070068,0.14102217555046082,0.2032022774219513,0.30759671330451965,0.47105738520622253
base_model.model.backbone.stages.1.blocks.0.ffn.layers.0.0.base_layer,ffn,2816x704,704,18.522691682480332,55.78237043692658,12.961191177368164,45,0.06392045454545454,102,0.14488636363636365,183,0.2599431818181818,325,0.4616477272727273,399,0.5667613636363636,0.08295349031686783,0.11339697241783142,0.16095802187919617,0.2436283677816391,0.37643980979919434
base_model.model.backbone.stages.1.blocks.0.ffn.layers.1,ffn,704x2816,704,26.433173397111073,56.079598667597025,10.907626152038574,35,0.04971590909090909,79,0.11221590909090909,152,0.2159090909090909,318,0.45170454545454547,414,0.5880681818181818,0.07808586955070496,0.116517074406147,0.18140646815299988,0.28517723083496094,0.442045122385025
base_model.model.backbone.stages.1.blocks.1.attn.w_msa.cpb_mlp.2,other,16x512,16,1.4050926219565099,10.886886589910912,9.184409141540527,1,0.0625,1,0.0625,1,0.0625,4,0.25,5,0.3125,0.9329102039337158,0.9949861764907837,0.9999999403953552,nan,nan
base_model.model.backbone.stages.1.blocks.1.attn.w_msa.qkv.base_layer,qkv,2112x704,704,50.907123862325996,50.725406795128315,7.109454154968262,29,0.041193181818181816,67,0.09517045454545454,135,0.19176136363636365,285,0.40482954545454547,375,0.5326704545454546,0.07000687718391418,0.12149883806705475,0.2036004662513733,0.32608291506767273,0.4888676106929779
base_model.model.backbone.stages.1.blocks.1.attn.w_msa.proj,proj,704x704,704,10.002230697597343,28.04697510427818,8.868243217468262,25,0.03551136363636364,62,0.08806818181818182,118,0.16761363636363635,221,0.31392045454545453,277,0.3934659090909091,0.13505619764328003,0.1725086122751236,0.23707665503025055,0.3457590639591217,0.5094365477561951
base_model.model.backbone.stages.1.blocks.1.ffn.layers.0.0.base_layer,ffn,2816x704,704,16.202078107218497,53.60885811103189,13.318373680114746,42,0.05965909090909091,102,0.14488636363636365,194,0.2755681818181818,367,0.5213068181818182,455,0.6463068181818182,0.0959576740860939,0.1250779628753662,0.17376826703548431,0.25681906938552856,0.38399749994277954
base_model.model.backbone.stages.1.blocks.1.ffn.layers.1,ffn,704x2816,704,13.710388104578525,58.98550288656739,15.930170059204102,24,0.03409090909090909,55,0.078125,108,0.1534090909090909,230,0.32670454545454547,310,0.4403409090909091,0.11612994968891144,0.1626293808221817,0.24086259305477142,0.36529219150543213,0.546100378036499
base_model.model.backbone.stages.2.downsample.reduction,other,1408x2816,1408,40.73375853103358,78.37013105390503,12.279292106628418,78,0.05539772727272727,151,0.10724431818181818,245,0.17400568181818182,409,0.29048295454545453,526,0.37357954545454547,0.03929193690419197,0.05770612880587578,0.0914173275232315,0.15262793004512787,0.2592224180698395
base_model.model.backbone.stages.2.blocks.0.attn.w_msa.cpb_mlp.2,other,32x512,32,3.9604540307833846,12.107806728084507,6.084053039550781,2,0.0625,3,0.09375,5,0.15625,9,0.28125,10,0.3125,0.640693724155426,0.8963472247123718,0.9912929534912109,0.9999998807907104,nan
base_model.model.backbone.stages.2.blocks.0.attn.w_msa.qkv.base_layer,qkv,4224x1408,1408,29.82287112778276,102.70817750579795,18.807466506958008,30,0.02130681818181818,74,0.052556818181818184,146,0.10369318181818182,282,0.2002840909090909,365,0.25923295454545453,0.07732976973056793,0.12718866765499115,0.2040143758058548,0.3179545998573303,0.4665135443210602
base_model.model.backbone.stages.2.blocks.0.attn.w_msa.proj,proj,1408x1408,1408,31.73027638503892,57.08618501468854,10.134307861328125,42,0.029829545454545456,91,0.06463068181818182,166,0.11789772727272728,327,0.23224431818181818,441,0.3132102272727273,0.05806591734290123,0.09083085507154465,0.15106821060180664,0.252417653799057,0.4030095636844635
base_model.model.backbone.stages.2.blocks.0.ffn.layers.0.0.base_layer,ffn,5632x1408,1408,11.746091375087175,115.93526362398327,33.82741928100586,43,0.030539772727272728,105,0.07457386363636363,196,0.13920454545454544,376,0.26704545454545453,487,0.3458806818181818,0.1136598065495491,0.14228110015392303,0.18763130903244019,0.2601929008960724,0.3783610165119171
base_model.model.backbone.stages.2.blocks.0.ffn.layers.1,ffn,1408x5632,1408,49.646101586255334,113.53326278149721,16.1131534576416,71,0.05042613636363636,161,0.11434659090909091,311,0.22088068181818182,648,0.4602272727272727,844,0.5994318181818182,0.042627133429050446,0.06656154990196228,0.10742898285388947,0.1750657856464386,0.28072282671928406
base_model.model.backbone.stages.2.blocks.1.attn.w_msa.cpb_mlp.2,other,32x512,32,2.4189292831844615,10.948633423973014,7.039605617523193,1,0.03125,2,0.0625,4,0.125,7,0.21875,9,0.28125,0.7687913179397583,0.9485791921615601,0.9977271556854248,1.0000001192092896,nan
base_model.model.backbone.stages.2.blocks.1.attn.w_msa.qkv.base_layer,qkv,4224x1408,1408,60.591078879020756,101.3943222954323,13.025946617126465,38,0.026988636363636364,95,0.06747159090909091,197,0.13991477272727273,421,0.2990056818181818,558,0.3963068181818182,0.05774214118719101,0.10113030672073364,0.17133252322673798,0.27397558093070984,0.41003361344337463
base_model.model.backbone.stages.2.blocks.1.attn.w_msa.proj,proj,1408x1408,1408,23.916543126810698,57.650615832438206,11.788396835327148,41,0.02911931818181818,87,0.06178977272727273,161,0.11434659090909091,337,0.2393465909090909,456,0.32386363636363635,0.06901758164167404,0.10082631558179855,0.1581505686044693,0.25631287693977356,0.41158443689346313
base_model.model.backbone.stages.2.blocks.1.ffn.layers.0.0.base_layer,ffn,5632x1408,1408,12.22396901069494,113.61040541583328,32.494659423828125,47,0.033380681818181816,118,0.08380681818181818,234,0.16619318181818182,492,0.3494318181818182,654,0.46448863636363635,0.11290556937456131,0.13818493485450745,0.17912377417087555,0.2470168024301529,0.35729676485061646
base_model.model.backbone.stages.2.blocks.1.ffn.layers.1,ffn,1408x5632,1408,73.67679768122368,112.20191411580285,13.071784973144531,78,0.05539772727272727,180,0.1278409090909091,347,0.24644886363636365,705,0.5007102272727273,902,0.640625,0.03538013994693756,0.05919114872813225,0.09857510775327682,0.16361436247825623,0.2635102868080139
base_model.model.backbone.stages.2.blocks.2.attn.w_msa.cpb_mlp.2,other,32x512,32,1.5379579445313643,16.560492397488236,13.353681564331055,1,0.03125,1,0.03125,2,0.0625,3,0.09375,5,0.15625,0.9371312260627747,0.9913607835769653,0.9989303350448608,1.0,nan
base_model.model.backbone.stages.2.blocks.2.attn.w_msa.qkv.base_layer,qkv,4224x1408,1408,65.89045320954513,101.70206756440598,12.529061317443848,40,0.028409090909090908,97,0.06889204545454546,201,0.14275568181818182,461,0.3274147727272727,630,0.4474431818181818,0.055027443915605545,0.09819187223911285,0.16629576683044434,0.2632848024368286,0.4006430208683014
base_model.model.backbone.stages.2.blocks.2.attn.w_msa.proj,proj,1408x1408,1408,28.534386556609785,57.69761811997745,10.801239967346191,53,0.037642045454545456,114,0.08096590909090909,206,0.14630681818181818,407,0.2890625,534,0.37926136363636365,0.057149700820446014,0.08333801478147507,0.12991805374622345,0.2105139046907425,0.34284675121307373
base_model.model.backbone.stages.2.blocks.2.ffn.layers.0.0.base_layer,ffn,5632x1408,1408,13.732682653974145,115.57254299924571,31.18724250793457,54,0.03835227272727273,138,0.09801136363636363,276,0.19602272727272727,585,0.41548295454545453,769,0.5461647727272727,0.10040821135044098,0.12533430755138397,0.1638268232345581,0.2283448874950409,0.3310873210430145
base_model.model.backbone.stages.2.blocks.2.ffn.layers.1,ffn,1408x5632,1408,70.87247087166715,115.17709699360806,13.681299209594727,74,0.052556818181818184,179,0.12713068181818182,355,0.2521306818181818,726,0.515625,924,0.65625,0.03944827616214752,0.06473398953676224,0.10823112726211548,0.17635992169380188,0.2760564684867859
base_model.model.backbone.stages.2.blocks.3.attn.w_msa.cpb_mlp.2,other,32x512,32,1.8945903250294684,10.275937641362937,7.4655842781066895,1,0.03125,1,0.03125,2,0.0625,5,0.15625,6,0.1875,0.8981772661209106,0.9874277114868164,0.9990074634552002,0.9999999403953552,nan
base_model.model.backbone.stages.2.blocks.3.attn.w_msa.qkv.base_layer,qkv,4224x1408,1408,73.02088977221031,101.91220562940437,11.926215171813965,45,0.03196022727272727,111,0.07883522727272728,235,0.1669034090909091,526,0.37357954545454547,704,0.5,0.04778532311320305,0.08639755845069885,0.15083040297031403,0.244223490357399,0.3735380172729492
base_model.model.backbone.stages.2.blocks.3.attn.w_msa.proj,proj,1408x1408,1408,23.371888255094465,58.06095261662523,12.009840965270996,49,0.03480113636363636,109,0.07741477272727272,201,0.14275568181818182,408,0.2897727272727273,538,0.3821022727272727,0.06638374924659729,0.09407908469438553,0.14374589920043945,0.2264377921819687,0.3580712378025055
base_model.model.backbone.stages.2.blocks.3.ffn.layers.0.0.base_layer,ffn,5632x1408,1408,13.790557456514104,115.67682959975174,31.14981460571289,57,0.040482954545454544,148,0.10511363636363637,302,0.21448863636363635,638,0.453125,829,0.5887784090909091,0.09710454195737839,0.12092994153499603,0.15962499380111694,0.22290962934494019,0.322207510471344
base_model.model.backbone.stages.2.blocks.3.ffn.layers.1,ffn,1408x5632,1408,76.72037225293683,115.41489779405647,13.176695823669434,74,0.052556818181818184,183,0.1299715909090909,368,0.26136363636363635,747,0.5305397727272727,946,0.671875,0.04002145305275917,0.0671490877866745,0.11059481650590897,0.17827001214027405,0.27659088373184204
base_model.model.backbone.stages.2.blocks.4.attn.w_msa.cpb_mlp.2,other,32x512,32,1.9327037072506854,14.001696347598443,10.071589469909668,1,0.03125,1,0.03125,2,0.0625,4,0.125,6,0.1875,0.9026199579238892,0.989041268825531,0.9990698099136353,1.0000001192092896,nan
base_model.model.backbone.stages.2.blocks.4.attn.w_msa.qkv.base_layer,qkv,4224x1408,1408,74.83038478971312,102.21661473618171,11.816327095031738,46,0.032670454545454544,114,0.08096590909090909,244,0.17329545454545456,552,0.39204545454545453,738,0.5241477272727273,0.0474565289914608,0.08534788340330124,0.14519764482975006,0.23834364116191864,0.36636883020401
base_model.model.backbone.stages.2.blocks.4.attn.w_msa.proj,proj,1408x1408,1408,30.102675486164557,58.11832538962001,10.592794418334961,56,0.03977272727272727,124,0.08806818181818182,228,0.16193181818181818,452,0.3210227272727273,587,0.4169034090909091,0.05753196403384209,0.08324248343706131,0.12802965939044952,0.2046404480934143,0.3283344507217407
base_model.model.backbone.stages.2.blocks.4.ffn.layers.0.0.base_layer,ffn,5632x1408,1408,14.657377557992191,116.26386006085468,30.36802864074707,65,0.04616477272727273,166,0.11789772727272728,332,0.23579545454545456,682,0.484375,875,0.6214488636363636,0.08965528011322021,0.1121315136551857,0.14798913896083832,0.20616699755191803,0.29879307746887207
base_model.model.backbone.stages.2.blocks.4.ffn.layers.1,ffn,1408x5632,1408,76.446834495629,116.1412083346712,13.283318519592285,77,0.0546875,188,0.13352272727272727,376,0.26704545454545453,759,0.5390625,957,0.6796875,0.03788094222545624,0.06261507421731949,0.10447590798139572,0.17128026485443115,0.26843181252479553
base_model.model.backbone.stages.2.blocks.5.attn.w_msa.cpb_mlp.2,other,32x512,32,2.097413680094129,11.993214278111733,8.281205177307129,1,0.03125,2,0.0625,2,0.0625,4,0.125,5,0.15625,0.9387245178222656,0.9932787418365479,0.9991242289543152,1.0,nan
base_model.model.backbone.stages.2.blocks.5.attn.w_msa.qkv.base_layer,qkv,4224x1408,1408,70.93985132273826,102.32059852645752,12.148367881774902,46,0.032670454545454544,117,0.08309659090909091,251,0.17826704545454544,566,0.40198863636363635,755,0.5362215909090909,0.04938405007123947,0.08701995760202408,0.14969991147518158,0.24176399409770966,0.3647223114967346
base_model.model.backbone.stages.2.blocks.5.attn.w_msa.proj,proj,1408x1408,1408,24.090422304037343,58.14931237165987,11.847381591796875,50,0.03551136363636364,111,0.07883522727272728,206,0.14630681818181818,415,0.2947443181818182,545,0.38707386363636365,0.0664186179637909,0.09447246789932251,0.14245867729187012,0.22497022151947021,0.35600724816322327
base_model.model.backbone.stages.2.blocks.5.ffn.layers.0.0.base_layer,ffn,5632x1408,1408,15.81853222344909,117.17642030955929,29.461654663085938,68,0.048295454545454544,174,0.12357954545454546,347,0.24644886363636365,704,0.5,900,0.6392045454545454,0.08377932012081146,0.10554952174425125,0.14125920832157135,0.19915184378623962,0.29013964533805847
base_model.model.backbone.stages.2.blocks.5.ffn.layers.1,ffn,1408x5632,1408,71.15438270155398,116.78520113064411,13.844809532165527,74,0.052556818181818184,180,0.1278409090909091,364,0.2585227272727273,748,0.53125,949,0.6740056818181818,0.03789267688989639,0.06258579343557358,0.10453654825687408,0.1727563440799713,0.2740422487258911
base_model.model.backbone.stages.2.blocks.6.attn.w_msa.cpb_mlp.2,other,32x512,32,1.8173340382811887,7.1438258903791025,5.299238681793213,1,0.03125,1,0.03125,2,0.0625,4,0.125,5,0.15625,0.9096192717552185,0.9907957315444946,0.9983016848564148,0.9999999403953552,nan
base_model.model.backbone.stages.2.blocks.6.attn.w_msa.qkv.base_layer,qkv,4224x1408,1408,79.6713405177561,102.173331395416,11.446863174438477,53,0.037642045454545456,131,0.09303977272727272,276,0.19602272727272727,607,0.43110795454545453,800,0.5681818181818182,0.0436321459710598,0.07847869396209717,0.13519935309886932,0.21974551677703857,0.3373206853866577
base_model.model.backbone.stages.2.blocks.6.attn.w_msa.proj,proj,1408x1408,1408,20.964531045817917,58.802407642300246,12.8425874710083,61,0.04332386363636364,133,0.09446022727272728,244,0.17329545454545456,471,0.33451704545454547,607,0.43110795454545453,0.06601039320230484,0.08765027672052383,0.12657465040683746,0.19534915685653687,0.31147661805152893
base_model.model.backbone.stages.2.blocks.6.ffn.layers.0.0.base_layer,ffn,5632x1408,1408,15.544227062189645,116.51713678280332,29.55324935913086,61,0.04332386363636364,159,0.11292613636363637,327,0.23224431818181818,691,0.49076704545454547,891,0.6328125,0.0887860357761383,0.11106161028146744,0.14887671172618866,0.2111588567495346,0.309087336063385
base_model.model.backbone.stages.2.blocks.6.ffn.layers.1,ffn,1408x5632,1408,71.31690111024581,117.29863063991839,13.889822959899902,100,0.07102272727272728,225,0.15980113636363635,423,0.30042613636363635,807,0.5731534090909091,998,0.7088068181818182,0.030770346522331238,0.04911966249346733,0.08094211667776108,0.13572262227535248,0.2227836549282074
base_model.model.backbone.stages.2.blocks.7.attn.w_msa.cpb_mlp.2,other,32x512,32,1.7849565388026765,8.693765041576896,6.507198810577393,1,0.03125,1,0.03125,2,0.0625,5,0.15625,6,0.1875,0.8993777632713318,0.9907200932502747,0.9984623789787292,1.0,nan
base_model.model.backbone.stages.2.blocks.7.attn.w_msa.qkv.base_layer,qkv,4224x1408,1408,76.01849553113738,102.94452958693337,11.807110786437988,49,0.03480113636363636,120,0.08522727272727272,257,0.1825284090909091,587,0.4169034090909091,785,0.5575284090909091,0.04663621634244919,0.08276820927858353,0.141562357544899,0.23046477138996124,0.35611581802368164
base_model.model.backbone.stages.2.blocks.7.attn.w_msa.proj,proj,1408x1408,1408,17.33843252437483,59.279297872444474,14.236332893371582,63,0.044744318181818184,138,0.09801136363636363,253,0.1796875,487,0.3458806818181818,624,0.4431818181818182,0.07647274434566498,0.09685691446065903,0.13258297741413116,0.19645872712135315,0.3057088553905487
base_model.model.backbone.stages.2.blocks.7.ffn.layers.0.0.base_layer,ffn,5632x1408,1408,13.754567627406061,119.30826832464295,32.16970443725586,52,0.036931818181818184,142,0.10085227272727272,305,0.21661931818181818,674,0.4786931818181818,880,0.625,0.09422148764133453,0.11860506236553192,0.16121773421764374,0.23152755200862885,0.3351515531539917
base_model.model.backbone.stages.2.blocks.7.ffn.layers.1,ffn,1408x5632,1408,72.20984033360162,119.61371746689424,14.076114654541016,110,0.078125,249,0.1768465909090909,460,0.32670454545454547,850,0.6036931818181818,1035,0.7350852272727273,0.03289297968149185,0.051618803292512894,0.08288849890232086,0.13411477208137512,0.21237820386886597
base_model.model.backbone.stages.2.blocks.8.attn.w_msa.cpb_mlp.2,other,32x512,32,2.4938258401433577,11.02404619100386,6.980844497680664,1,0.03125,2,0.0625,3,0.09375,6,0.1875,7,0.21875,0.8606147766113281,0.9723947644233704,0.9985394477844238,0.9999999403953552,nan
base_model.model.backbone.stages.2.blocks.8.attn.w_msa.qkv.base_layer,qkv,4224x1408,1408,73.90731346937744,102.90737928320544,11.97023868560791,52,0.036931818181818184,131,0.09303977272727272,277,0.19673295454545456,617,0.4382102272727273,815,0.5788352272727273,0.04505620896816254,0.07985434681177139,0.136345773935318,0.22135530412197113,0.3404723107814789
base_model.model.backbone.stages.2.blocks.8.attn.w_msa.proj,proj,1408x1408,1408,23.15814275576785,59.176042070065186,12.296854972839355,66,0.046875,147,0.10440340909090909,272,0.19318181818181818,522,0.37073863636363635,663,0.4708806818181818,0.06391500681638718,0.08572739362716675,0.12428056448698044,0.18978248536586761,0.2967160642147064
base_model.model.backbone.stages.2.blocks.8.ffn.layers.0.0.base_layer,ffn,5632x1408,1408,13.78724110096946,120.48926138612934,32.449623107910156,62,0.04403409090909091,164,0.11647727272727272,339,0.24076704545454544,713,0.5063920454545454,916,0.6505681818181818,0.09235672652721405,0.11418997496366501,0.15156957507133484,0.21335917711257935,0.30708518624305725
base_model.model.backbone.stages.2.blocks.8.ffn.layers.1,ffn,1408x5632,1408,98.6088095437094,121.08751596856507,12.193868637084961,110,0.078125,253,0.1796875,469,0.3330965909090909,863,0.6129261363636364,1046,0.7428977272727273,0.032820481806993484,0.053016141057014465,0.0858176127076149,0.13730767369270325,0.21463918685913086
base_model.model.backbone.stages.2.blocks.9.attn.w_msa.cpb_mlp.2,other,32x512,32,2.6590359918979916,9.553052835687936,5.858414173126221,1,0.03125,2,0.0625,3,0.09375,5,0.15625,7,0.21875,0.8609798550605774,0.9804632663726807,0.9984314441680908,1.0,nan
base_model.model.backbone.stages.2.blocks.9.attn.w_msa.qkv.base_layer,qkv,4224x1408,1408,67.6216028603443,103.13970065674275,12.542471885681152,53,0.037642045454545456,134,0.09517045454545454,286,0.203125,635,0.4509943181818182,834,0.5923295454545454,0.04642196372151375,0.08186078071594238,0.13768087327480316,0.2209911048412323,0.3362138569355011
base_model.model.backbone.stages.2.blocks.9.attn.w_msa.proj,proj,1408x1408,1408,20.147479271566837,58.87199766760934,13.115909576416016,54,0.03835227272727273,127,0.09019886363636363,244,0.17329545454545456,489,0.34730113636363635,630,0.4474431818181818,0.0743183121085167,0.09989859908819199,0.14510777592658997,0.2196134328842163,0.3349977135658264
base_model.model.backbone.stages.2.blocks.9.ffn.layers.0.0.base_layer,ffn,5632x1408,1408,14.450096901791014,120.72637417679287,31.758996963500977,70,0.04971590909090909,184,0.13068181818181818,372,0.26420454545454547,754,0.5355113636363636,951,0.6754261363636364,0.08828050643205643,0.10892330855131149,0.1439265012741089,0.20066651701927185,0.28678303956985474
base_model.model.backbone.stages.2.blocks.9.ffn.layers.1,ffn,1408x5632,1408,75.69989571180705,121.83895300251886,14.003561973571777,104,0.07386363636363637,247,0.17542613636363635,466,0.3309659090909091,864,0.6136363636363636,1047,0.7436079545454546,0.036550745368003845,0.05761229619383812,0.09177862852811813,0.1444917768239975,0.22356420755386353
base_model.model.backbone.stages.2.blocks.10.attn.w_msa.cpb_mlp.2,other,32x512,32,1.9036121159891535,9.270258807835832,6.718968868255615,1,0.03125,1,0.03125,2,0.0625,4,0.125,5,0.15625,0.9171477556228638,0.9910657405853271,0.998633861541748,0.9999999403953552,nan
base_model.model.backbone.stages.2.blocks.10.attn.w_msa.qkv.base_layer,qkv,4224x1408,1408,68.59826689043982,103.5264628760444,12.49956226348877,54,0.03835227272727273,139,0.09872159090909091,298,0.21164772727272727,658,0.46732954545454547,858,0.609375,0.0473107285797596,0.08289170265197754,0.1371135115623474,0.21799154579639435,0.33128082752227783
base_model.model.backbone.stages.2.blocks.10.attn.w_msa.proj,proj,1408x1408,1408,24.908312219098786,58.79731721531817,11.781086921691895,60,0.04261363636363636,140,0.09943181818181818,269,0.19105113636363635,527,0.3742897727272727,671,0.4765625,0.06422191113233566,0.08974957466125488,0.13349197804927826,0.20456184446811676,0.3153727352619171
base_model.model.backbone.stages.2.blocks.10.ffn.layers.0.0.base_layer,ffn,5632x1408,1408,15.77262643503298,120.93760901157877,30.451547622680664,80,0.056818181818181816,204,0.14488636363636365,402,0.28551136363636365,789,0.5603693181818182,984,0.6988636363636364,0.08131958544254303,0.1013249009847641,0.134308323264122,0.18675018846988678,0.2678488790988922
base_model.model.backbone.stages.2.blocks.10.ffn.layers.1,ffn,1408x5632,1408,71.66989892516827,122.54610500363731,14.475418090820312,99,0.0703125,238,0.1690340909090909,454,0.3224431818181818,851,0.6044034090909091,1036,0.7357954545454546,0.03775753080844879,0.059375353157520294,0.09427192062139511,0.14885717630386353,0.23047633469104767
base_model.model.backbone.stages.2.blocks.11.attn.w_msa.cpb_mlp.2,other,32x512,32,1.5714332118823184,11.322881329483344,9.03252124786377,1,0.03125,1,0.03125,2,0.0625,3,0.09375,5,0.15625,0.9386603236198425,0.9898366928100586,0.9989814162254333,1.0000001192092896,nan
base_model.model.backbone.stages.2.blocks.11.attn.w_msa.qkv.base_layer,qkv,4224x1408,1408,66.08606691595973,103.5160766499581,12.733648300170898,53,0.037642045454545456,142,0.10085227272727272,304,0.2159090909090909,665,0.47230113636363635,864,0.6136363636363636,0.04831838980317116,0.084173284471035,0.13998255133628845,0.22145187854766846,0.3333096206188202
base_model.model.backbone.stages.2.blocks.11.attn.w_msa.proj,proj,1408x1408,1408,19.922569038991046,59.33372331698264,13.293181419372559,50,0.03551136363636364,123,0.08735795454545454,241,0.17116477272727273,488,0.3465909090909091,628,0.4460227272727273,0.07674923539161682,0.10465699434280396,0.15222880244255066,0.2296082079410553,0.3476274609565735
base_model.model.backbone.stages.2.blocks.11.ffn.layers.0.0.base_layer,ffn,5632x1408,1408,15.430239222426316,120.86963131174637,30.770238876342773,84,0.05965909090909091,216,0.1534090909090909,422,0.2997159090909091,815,0.5788352272727273,1006,0.7144886363636364,0.08205617219209671,0.10076949000358582,0.13260996341705322,0.18238018453121185,0.25997698307037354
base_model.model.backbone.stages.2.blocks.11.ffn.layers.1,ffn,1408x5632,1408,81.83753213810884,122.48159141019927,13.5392484664917,88,0.0625,216,0.1534090909090909,427,0.30326704545454547,824,0.5852272727272727,1013,0.7194602272727273,0.03610909730195999,0.060107938945293427,0.09927887469530106,0.16002346575260162,0.24871321022510529
base_model.model.backbone.stages.2.blocks.12.attn.w_msa.cpb_mlp.2,other,32x512,32,1.6566167447620828,11.825912369417448,9.188055992126465,1,0.03125,1,0.03125,2,0.0625,4,0.125,5,0.15625,0.9306248426437378,0.9921801686286926,0.9989972114562988,1.0,nan
base_model.model.backbone.stages.2.blocks.12.attn.w_msa.qkv.base_layer,qkv,4224x1408,1408,73.1014914721188,102.20073977686023,11.953385353088379,61,0.04332386363636364,158,0.11221590909090909,336,0.23863636363636365,716,0.5085227272727273,916,0.6505681818181818,0.04822855815291405,0.0812414288520813,0.13185884058475494,0.20568528771400452,0.3099786937236786
base_model.model.backbone.stages.2.blocks.12.attn.w_msa.proj,proj,1408x1408,1408,15.91169425976654,59.30833016822974,14.868168830871582,69,0.049005681818181816,157,0.11150568181818182,289,0.20525568181818182,548,0.38920454545454547,689,0.4893465909090909,0.08041241765022278,0.09970410168170929,0.13328708708286285,0.19094473123550415,0.28760695457458496
base_model.model.backbone.stages.2.blocks.12.ffn.layers.0.0.base_layer,ffn,5632x1408,1408,15.63575864050293,118.08099378710361,29.862112045288086,85,0.060369318181818184,216,0.1534090909090909,424,0.30113636363636365,819,0.5816761363636364,1011,0.7180397727272727,0.08103714883327484,0.09936849027872086,0.13033130764961243,0.17990969121456146,0.25768211483955383
base_model.model.backbone.stages.2.blocks.12.ffn.layers.1,ffn,1408x5632,1408,84.84171624569478,121.05979765956575,13.143021583557129,111,0.07883522727272728,249,0.1768465909090909,458,0.3252840909090909,840,0.5965909090909091,1021,0.7251420454545454,0.030865786597132683,0.04995325580239296,0.08059331029653549,0.1301134079694748,0.20891712605953217
base_model.model.backbone.stages.2.blocks.13.attn.w_msa.cpb_mlp.2,other,32x512,32,1.2299109397113306,14.268529790514947,12.865965843200684,1,0.03125,1,0.03125,1,0.03125,2,0.0625,3,0.09375,0.9829320311546326,0.9979333877563477,0.9995831847190857,1.0,nan
base_model.model.backbone.stages.2.blocks.13.attn.w_msa.qkv.base_layer,qkv,4224x1408,1408,71.19235575312827,102.62969119911158,12.163437843322754,56,0.03977272727272727,148,0.10511363636363637,321,0.22798295454545456,698,0.49573863636363635,899,0.6384943181818182,0.049492597579956055,0.08298177272081375,0.13643398880958557,0.21645213663578033,0.32654398679733276
base_model.model.backbone.stages.2.blocks.13.attn.w_msa.proj,proj,1408x1408,1408,10.947068061321852,60.583629972981356,18.310760498046875,59,0.04190340909090909,144,0.10227272727272728,273,0.19389204545454544,523,0.37144886363636365,661,0.4694602272727273,0.1078689694404602,0.12712125480175018,0.16117779910564423,0.21949967741966248,0.316337525844574
base_model.model.backbone.stages.2.blocks.13.ffn.layers.0.0.base_layer,ffn,5632x1408,1408,13.451523308958686,121.03224244364598,33.00010681152344,76,0.05397727272727273,201,0.14275568181818182,402,0.28551136363636365,796,0.5653409090909091,991,0.7038352272727273,0.09101439267396927,0.10997080057859421,0.142402783036232,0.1943051666021347,0.27454787492752075
base_model.model.backbone.stages.2.blocks.13.ffn.layers.1,ffn,1408x5632,1408,46.53641109882874,123.01381401086627,18.032562255859375,103,0.07315340909090909,238,0.1690340909090909,442,0.31392045454545453,815,0.5788352272727273,995,0.7066761363636364,0.04469309002161026,0.06446292996406555,0.09549800306558609,0.14420375227928162,0.22250498831272125
base_model.model.backbone.stages.2.blocks.14.attn.w_msa.cpb_mlp.2,other,32x512,32,1.627615308647769,11.071693867260421,8.678370475769043,1,0.03125,1,0.03125,2,0.0625,3,0.09375,5,0.15625,0.9382979273796082,0.9893373847007751,0.9989378452301025,0.9999999403953552,nan
base_model.model.backbone.stages.2.blocks.14.attn.w_msa.qkv.base_layer,qkv,4224x1408,1408,71.39428975041076,102.94078243096854,12.1830415725708,57,0.040482954545454544,150,0.10653409090909091,323,0.2294034090909091,699,0.49644886363636365,899,0.6384943181818182,0.04783459007740021,0.08151795715093613,0.1334642618894577,0.2119343876838684,0.3212532699108124
base_model.model.backbone.stages.2.blocks.14.attn.w_msa.proj,proj,1408x1408,1408,13.742367544605674,59.825552063374225,16.13823127746582,68,0.048295454545454544,158,0.11221590909090909,290,0.2059659090909091,543,0.3856534090909091,681,0.4836647727272727,0.09015832096338272,0.1085895225405693,0.14104671776294708,0.19723384082317352,0.2915380597114563
base_model.model.backbone.stages.2.blocks.14.ffn.layers.0.0.base_layer,ffn,5632x1408,1408,13.084261596515379,122.07413219023923,33.748077392578125,80,0.056818181818181816,206,0.14630681818181818,407,0.2890625,797,0.5660511363636364,990,0.703125,0.09241391718387604,0.11022194474935532,0.14075128734111786,0.18985515832901,0.26743900775909424
base_model.model.backbone.stages.2.blocks.14.ffn.layers.1,ffn,1408x5632,1408,42.703408205701095,124.07606191616898,18.987016677856445,98,0.06960227272727272,226,0.16051136363636365,419,0.2975852272727273,776,0.5511363636363636,955,0.6782670454545454,0.051351308822631836,0.07036054134368896,0.10083577781915665,0.15055903792381287,0.23086485266685486
base_model.model.backbone.stages.2.blocks.15.attn.w_msa.cpb_mlp.2,other,32x512,32,1.243516572828453,9.986095680174197,8.955089569091797,1,0.03125,1,0.03125,1,0.03125,2,0.0625,3,0.09375,0.9763388633728027,0.9960830807685852,0.9989303946495056,1.0000001192092896,nan
base_model.model.backbone.stages.2.blocks.15.attn.w_msa.qkv.base_layer,qkv,4224x1408,1408,74.0113466395642,103.06884834905259,11.980591773986816,60,0.04261363636363636,157,0.11150568181818182,334,0.2372159090909091,708,0.5028409090909091,904,0.6420454545454546,0.04628487303853035,0.07801611721515656,0.1289023905992508,0.20628108084201813,0.3140838146209717
base_model.model.backbone.stages.2.blocks.15.attn.w_msa.proj,proj,1408x1408,1408,13.803605929882819,60.06174394685439,16.165966033935547,62,0.04403409090909091,146,0.10369318181818182,271,0.1924715909090909,513,0.3643465909090909,645,0.4580965909090909,0.0914091020822525,0.11129772663116455,0.1462840586900711,0.20661722123622894,0.3062248229980469
base_model.model.backbone.stages.2.blocks.15.ffn.layers.0.0.base_layer,ffn,5632x1408,1408,12.633499031565716,122.18355971907596,34.37565231323242,84,0.05965909090909091,214,0.15198863636363635,416,0.29545454545454547,804,0.5710227272727273,995,0.7066761363636364,0.09466595947742462,0.1111680343747139,0.1392318308353424,0.1857987642288208,0.26067763566970825
base_model.model.backbone.stages.2.blocks.15.ffn.layers.1,ffn,1408x5632,1408,28.33375436577652,124.40149686348231,23.370798110961914,89,0.06321022727272728,209,0.1484375,391,0.27769886363636365,730,0.5184659090909091,908,0.6448863636363636,0.06670747697353363,0.08481770753860474,0.11524470895528793,0.16584597527980804,0.24767354130744934
base_model.model.backbone.stages.2.blocks.16.attn.w_msa.cpb_mlp.2,other,32x512,32,1.9892523186840319,10.214236134533591,7.242040634155273,1,0.03125,1,0.03125,2,0.0625,4,0.125,5,0.15625,0.9412220120429993,0.9924200177192688,0.9987553954124451,0.9999999403953552,nan
base_model.model.backbone.stages.2.blocks.16.attn.w_msa.qkv.base_layer,qkv,4224x1408,1408,73.88116579005138,103.79881193624038,12.076066970825195,64,0.045454545454545456,166,0.11789772727272728,348,0.2471590909090909,724,0.5142045454545454,918,0.6519886363636364,0.04390914738178253,0.07584008574485779,0.12565165758132935,0.19826018810272217,0.30057641863822937
base_model.model.backbone.stages.2.blocks.16.attn.w_msa.proj,proj,1408x1408,1408,10.403578753305798,60.7701930013545,18.840795516967773,56,0.03977272727272727,139,0.09872159090909091,263,0.18678977272727273,499,0.3544034090909091,628,0.4460227272727273,0.12158595770597458,0.140377476811409,0.17308840155601501,0.2295869141817093,0.32518425583839417
base_model.model.backbone.stages.2.blocks.16.ffn.layers.0.0.base_layer,ffn,5632x1408,1408,13.002597068142194,122.45766966333713,33.96025466918945,88,0.0625,219,0.15553977272727273,421,0.2990056818181818,803,0.5703125,994,0.7059659090909091,0.09337934106588364,0.10920552164316177,0.1362418234348297,0.18130426108837128,0.2545972168445587
base_model.model.backbone.stages.2.blocks.16.ffn.layers.1,ffn,1408x5632,1408,28.492228204734175,123.9485228960999,23.22085189819336,84,0.05965909090909091,195,0.13849431818181818,362,0.2571022727272727,665,0.47230113636363635,829,0.5887784090909091,0.06818483769893646,0.08643920719623566,0.11758450418710709,0.16975991427898407,0.2552288770675659
base_model.model.backbone.stages.2.blocks.17.attn.w_msa.cpb_mlp.2,other,32x512,32,1.6254481235696066,10.720641744962291,8.408803939819336,1,0.03125,1,0.03125,2,0.0625,3,0.09375,4,0.125,0.9634873867034912,0.9947797656059265,0.9989155530929565,1.0,nan
base_model.model.backbone.stages.2.blocks.17.attn.w_msa.qkv.base_layer,qkv,4224x1408,1408,82.71667520305496,104.41527104846782,11.480676651000977,67,0.04758522727272727,172,0.12215909090909091,356,0.2528409090909091,727,0.5163352272727273,918,0.6519886363636364,0.04151215776801109,0.07130807638168335,0.11940417438745499,0.19036874175071716,0.2922689616680145
base_model.model.backbone.stages.2.blocks.17.attn.w_msa.proj,proj,1408x1408,1408,8.081366633647363,60.964593336009386,21.44545555114746,42,0.029829545454545456,118,0.08380681818181818,232,0.16477272727272727,446,0.31676136363636365,563,0.39985795454545453,0.15192796289920807,0.17148847877979279,0.2063491940498352,0.26695287227630615,0.36780741810798645
base_model.model.backbone.stages.2.blocks.17.ffn.layers.0.0.base_layer,ffn,5632x1408,1408,14.921693402814604,123.19931529461721,31.89328384399414,93,0.06605113636363637,225,0.15980113636363635,426,0.3025568181818182,802,0.5696022727272727,991,0.7038352272727273,0.0846986323595047,0.10035894811153412,0.1270800530910492,0.17197738587856293,0.24508553743362427
base_model.model.backbone.stages.2.blocks.17.ffn.layers.1,ffn,1408x5632,1408,24.45762913077138,123.07673943139093,24.88678550720215,79,0.056107954545454544,183,0.1299715909090909,335,0.23792613636363635,595,0.4225852272727273,722,0.5127840909090909,0.07038207352161407,0.0896841362118721,0.12248459458351135,0.17684006690979004,0.26503223180770874
base_model.model.backbone.stages.3.downsample.reduction,other,2816x5632,2816,12.285766438731189,169.08945025488728,48.24089813232422,139,0.049360795454545456,300,0.10653409090909091,500,0.17755681818181818,806,0.2862215909090909,988,0.3508522727272727,0.09078315645456314,0.0984852984547615,0.1129336729645729,0.14043977856636047,0.19181659817695618
base_model.model.backbone.stages.3.blocks.0.attn.w_msa.cpb_mlp.2,other,64x512,64,2.1456930677083834,9.83003679612065,6.71075439453125,1,0.015625,2,0.03125,2,0.03125,4,0.0625,5,0.078125,0.9267328381538391,0.984290599822998,0.9959837794303894,0.9991012215614319,1.0
base_model.model.backbone.stages.3.blocks.0.attn.w_msa.qkv.base_layer,qkv,8448x2816,2816,35.13111060131231,208.8198330050333,35.2310676574707,50,0.01775568181818182,128,0.045454545454545456,267,0.09481534090909091,531,0.1885653409090909,675,0.23970170454545456,0.06279916316270828,0.09349124878644943,0.14456841349601746,0.22718758881092072,0.34829482436180115
base_model.model.backbone.stages.3.blocks.0.attn.w_msa.proj,proj,2816x2816,2816,8.16232643702914,123.65862709365449,43.28300857543945,144,0.05113636363636364,363,0.12890625,672,0.23863636363636365,1228,0.43607954545454547,1508,0.5355113636363636,0.13271112740039825,0.138773113489151,0.14987556636333466,0.1710631102323532,0.21096812188625336
base_model.model.backbone.stages.3.blocks.0.ffn.layers.0.0.base_layer,ffn,11264x2816,2816,18.607829992512105,237.74291853281352,55.11371994018555,67,0.023792613636363636,189,0.06711647727272728,401,0.14240056818181818,900,0.3196022727272727,1231,0.43714488636363635,0.07660390436649323,0.10124169290065765,0.14232011139392853,0.2057744413614273,0.2951149642467499
base_model.model.backbone.stages.3.blocks.0.ffn.layers.1,ffn,2816x11264,2816,78.07690785255517,243.0328713620855,27.504497528076172,350,0.12428977272727272,689,0.24467329545454544,1149,0.4080255681818182,1890,0.6711647727272727,2202,0.7819602272727273,0.021588874980807304,0.026153093203902245,0.034535057842731476,0.05028755962848663,0.07992258667945862
base_model.model.backbone.stages.3.blocks.1.attn.w_msa.cpb_mlp.2,other,64x512,64,1.3955189551800544,14.391770109163083,12.182778358459473,1,0.015625,1,0.015625,1,0.015625,3,0.046875,4,0.0625,0.9718563556671143,0.9929130673408508,0.9978653192520142,0.9995500445365906,1.0
base_model.model.backbone.stages.3.blocks.1.attn.w_msa.qkv.base_layer,qkv,8448x2816,2816,77.80662839238025,212.28837808215033,24.066776275634766,122,0.04332386363636364,311,0.11044034090909091,638,0.2265625,1350,0.4794034090909091,1733,0.6154119318181818,0.035110071301460266,0.052587930113077164,0.08176383376121521,0.13074181973934174,0.20600691437721252
base_model.model.backbone.stages.3.blocks.1.attn.w_msa.proj,proj,2816x2816,2816,11.372981606968029,122.03371076264132,36.18617248535156,171,0.060724431818181816,392,0.13920454545454544,704,0.25,1265,0.44921875,1548,0.5497159090909091,0.09583151340484619,0.10186230391263962,0.11341678351163864,0.13552911579608917,0.17722417414188385
base_model.model.backbone.stages.3.blocks.1.ffn.layers.0.0.base_layer,ffn,11264x2816,2816,22.515243521447992,243.09520222281228,51.23161697387695,120,0.04261363636363636,319,0.11328125,670,0.23792613636363635,1428,0.5071022727272727,1823,0.6473721590909091,0.06051589921116829,0.07698079198598862,0.10468441247940063,0.14838503301143646,0.21483920514583588
base_model.model.backbone.stages.3.blocks.1.ffn.layers.1,ffn,2816x11264,2816,51.72976474930503,244.885751422985,34.04813003540039,319,0.11328125,639,0.22691761363636365,1079,0.38316761363636365,1808,0.6420454545454546,2130,0.7563920454545454,0.027110643684864044,0.03236290439963341,0.041704319417476654,0.05895717814564705,0.09093591570854187
base_model.model.classifier,other,45x2816,45,36.674527274142356,3.8695894430657294,0.6389731764793396,12,0.26666666666666666,21,0.4666666666666667,30,0.6666666666666666,40,0.8888888888888888,43,0.9555555555555556,0.10738638043403625,0.21037033200263977,0.40503016114234924,0.7541145086288452,nan
